<?xml version="1.0" encoding="utf-8"?>
<ApplicationInstallerManifest>
   <DefaultInstallationDirectory>/Applications/muxrecon/</DefaultInstallationDirectory>
   <ApplicationName>muxrecon</ApplicationName>
   <ExecutableName>application/muxrecon.exe</ExecutableName>
   <GUID>2391862c-b1fd-4296-a7b0-c17789b1d495</GUID>
   <ApplicationIcon>default_icon_48.png</ApplicationIcon>
   <Logo>default_logo.png</Logo>
   <Version>1.26</Version>
   <InstallationNotes>In the following directions, replace MCR_ROOT by the directory where the MATLAB Runtime is installed on the target machine.

If the environment variable DYLD_LIBRARY_PATH is undefined, set it to the concatenation of the following strings:

    MCR_ROOT/v91/runtime/maci64:
    MCR_ROOT/v91/sys/os/maci64:
    MCR_ROOT/v91/bin/maci64

If it is defined, set it to the concatenation of these strings:

    ${LD_LIBRARY_PATH}: 
    MCR_ROOT/v91/runtime/maci64:
    MCR_ROOT/v91/sys/os/maci64:
    MCR_ROOT/v91/bin/maci64</InstallationNotes>
   <Summary>muxrecon for multiband EPI sequences.</Summary>
   <WelcomePanelText>muxrecon 1.26
muxrecon for multiband EPI sequences.

Compiled on Mac OS 10.11.6 with MATLAB_R2016b_MCRv91.

Carl
chelmick@dal.ca</WelcomePanelText>
   <MCRProducts>
      <MCRProduct>
         <ExternalProductIdentifier>35000</ExternalProductIdentifier>
      </MCRProduct>
      <MCRProduct>
         <ExternalProductIdentifier>35001</ExternalProductIdentifier>
      </MCRProduct>
      <MCRProduct>
         <ExternalProductIdentifier>35010</ExternalProductIdentifier>
      </MCRProduct>
   </MCRProducts>
</ApplicationInstallerManifest>